time,pm2_5,pm10,nitrogen_dioxide
2026-09-28 00:00:00,18.3,18.8,20.6
2026-09-28 01:00:00,15.9,16.4,17.3
2026-09-28 02:00:00,13.6,14.3,14.7
2026-09-28 03:00:00,12.0,12.9,13.2
2026-09-28 04:00:00,11.0,12.0,12.4
2026-09-28 05:00:00,9.6,10.4,12.3
2026-09-28 06:00:00,11.2,12.1,13.5
2026-09-28 07:00:00,14.7,15.8,15.2
2026-09-28 08:00:00,16.6,18.1,16.7
2026-09-28 09:00:00,13.7,15.9,17.6
2026-09-28 10:00:00,14.5,16.4,18.3
2026-09-28 11:00:00,15.5,17.3,19.0
2026-09-28 12:00:00,16.2,17.8,19.6
2026-09-28 13:00:00,16.4,18.0,20.2
2026-09-28 14:00:00,16.2,17.6,21.4
2026-09-28 15:00:00,15.7,16.9,23.7
2026-09-28 16:00:00,15.2,16.4,26.6
2026-09-28 17:00:00,9.0,9.1,28.5
2026-09-28 18:00:00,11.4,11.6,30.0
2026-09-28 19:00:00,14.2,14.6,32.0
2026-09-28 20:00:00,14.0,14.3,33.0
2026-09-28 21:00:00,14.4,14.8,32.0
2026-09-28 22:00:00,15.1,15.5,30.1
2026-09-28 23:00:00,15.1,15.6,28.5
2026-09-29 00:00:00,14.5,15.0,27.8
2026-09-29 01:00:00,14.6,15.3,27.5
2026-09-29 02:00:00,15.5,16.4,27.5
2026-09-29 03:00:00,16.7,17.6,28.4
2026-09-29 04:00:00,19.0,19.8,29.6
2026-09-29 05:00:00,14.0,14.1,19.2
2026-09-29 06:00:00,16.1,16.4,19.4
2026-09-29 07:00:00,20.8,21.1,19.7
2026-09-29 08:00:00,14.3,15.0,19.9
2026-09-29 09:00:00,12.7,13.6,19.6
2026-09-29 10:00:00,12.2,13.1,19.2
2026-09-29 11:00:00,12.0,13.0,19.4
2026-09-29 12:00:00,11.9,12.7,20.7
2026-09-29 13:00:00,11.8,12.6,22.5
2026-09-29 14:00:00,11.8,12.5,24.4
2026-09-29 15:00:00,11.5,12.2,25.8
2026-09-29 16:00:00,11.2,11.9,27.2
2026-09-29 17:00:00,16.3,17.9,30.7
2026-09-29 18:00:00,18.3,19.7,33.2
2026-09-29 19:00:00,22.7,24.3,36.6
2026-09-29 20:00:00,26.5,28.5,38.2
2026-09-29 21:00:00,31.2,33.3,36.5
2026-09-29 22:00:00,32.5,34.5,33.1
2026-09-29 23:00:00,32.1,33.8,29.6
2026-09-30 00:00:00,28.3,29.7,26.5
2026-09-30 01:00:00,22.2,23.1,23.5
2026-09-30 02:00:00,20.4,21.8,20.9
2026-09-30 03:00:00,19.7,21.6,19.0
2026-09-30 04:00:00,18.9,21.0,17.6
2026-09-30 05:00:00,13.5,17.0,14.9
2026-09-30 06:00:00,13.7,17.3,15.7
2026-09-30 07:00:00,16.2,19.7,16.8
2026-09-30 08:00:00,18.2,21.8,17.7
2026-09-30 09:00:00,14.3,19.7,18.2
2026-09-30 10:00:00,14.1,20.0,18.5
2026-09-30 11:00:00,13.9,20.3,18.4
2026-09-30 12:00:00,13.6,20.9,17.6
2026-09-30 13:00:00,13.7,22.2,16.4
2026-09-30 14:00:00,14.2,24.3,16.3
2026-09-30 15:00:00,15.0,26.3,18.0
2026-09-30 16:00:00,15.4,27.1,20.7
2026-09-30 17:00:00,12.1,18.7,26.2
2026-09-30 18:00:00,14.8,20.8,28.2
2026-09-30 19:00:00,16.9,23.4,31.1
2026-09-30 20:00:00,17.5,23.9,33.8
2026-09-30 21:00:00,21.1,27.4,36.5
2026-09-30 22:00:00,24.3,30.9,38.9
2026-09-30 23:00:00,26.3,33.8,39.4
2026-10-01 00:00:00,25.7,34.0,36.5
2026-10-01 01:00:00,23.6,32.1,31.6
2026-10-01 02:00:00,21.3,29.6,27.5
2026-10-01 03:00:00,19.3,26.3,24.9
2026-10-01 04:00:00,17.7,24.0,23.0
2026-10-01 05:00:00,14.2,15.8,18.0
2026-10-01 06:00:00,15.4,18.0,18.5
2026-10-01 07:00:00,21.4,24.2,19.2
2026-10-01 08:00:00,27.9,31.5,20.1
2026-10-01 09:00:00,15.7,21.2,21.1
2026-10-01 10:00:00,14.7,20.9,22.3
2026-10-01 11:00:00,14.3,20.8,23.4
2026-10-01 12:00:00,14.1,20.1,24.0
2026-10-01 13:00:00,14.0,20.0,24.5
2026-10-01 14:00:00,13.6,19.0,26.1
2026-10-01 15:00:00,14.2,19.3,29.8
2026-10-01 16:00:00,15.4,20.3,34.6
2026-10-01 17:00:00,18.5,25.3,38.0
2026-10-01 18:00:00,16.6,21.8,34.8
2026-10-01 19:00:00,14.1,17.5,30.2
2026-10-01 20:00:00,12.3,14.6,26.3
2026-10-01 21:00:00,11.4,13.1,23.8
2026-10-01 22:00:00,12.0,14.5,21.9
2026-10-01 23:00:00,10.8,12.9,20.2
2026-10-02 00:00:00,9.1,11.7,18.3
2026-10-02 01:00:00,10.0,13.6,16.6
2026-10-02 02:00:00,12.8,17.7,15.8
2026-10-02 03:00:00,13.5,18.0,16.3
2026-10-02 04:00:00,19.7,27.3,17.6
2026-10-02 05:00:00,20.2,27.1,22.6
2026-10-02 06:00:00,17.3,22.6,22.6
2026-10-02 07:00:00,15.6,19.5,22.5
2026-10-02 08:00:00,11.6,13.8,21.0
2026-10-02 09:00:00,6.8,7.6,16.8
2026-10-02 10:00:00,4.0,4.2,11.2
2026-10-02 11:00:00,3.5,4.0,7.0
2026-10-02 12:00:00,4.2,5.0,5.3
2026-10-02 13:00:00,4.9,5.9,5.0
2026-10-02 14:00:00,5.3,6.4,5.7
2026-10-02 15:00:00,5.6,6.8,7.3
2026-10-02 16:00:00,6.3,7.5,9.9
2026-10-02 17:00:00,7.6,9.2,13.1
2026-10-02 18:00:00,10.7,12.3,18.0
2026-10-02 19:00:00,16.8,18.3,24.6
2026-10-02 20:00:00,20.8,22.2,29.1
2026-10-02 21:00:00,27.1,28.2,29.9
2026-10-02 22:00:00,27.1,27.9,28.5
2026-10-02 23:00:00,24.0,24.7,26.1
2026-10-03 00:00:00,19.8,20.4,22.2
2026-10-03 01:00:00,16.9,17.4,17.2
2026-10-03 02:00:00,14.6,15.0,13.3
2026-10-03 03:00:00,12.3,12.7,11.4
2026-10-03 04:00:00,9.9,10.2,10.6
2026-10-03 05:00:00,11.1,11.9,12.2
2026-10-03 06:00:00,9.8,10.0,12.5
2026-10-03 07:00:00,12.1,12.3,12.9
2026-10-03 08:00:00,15.0,15.2,13.1
2026-10-03 09:00:00,10.9,11.6,12.9
2026-10-03 10:00:00,10.4,13.8,12.5
2026-10-03 11:00:00,11.3,16.8,12.1
2026-10-03 12:00:00,11.2,17.0,11.3
2026-10-03 13:00:00,10.8,16.2,10.5
2026-10-03 14:00:00,10.5,15.3,10.5
2026-10-03 15:00:00,10.1,14.3,11.6
2026-10-03 16:00:00,10.4,14.0,13.5
2026-10-03 17:00:00,8.4,10.6,18.5
2026-10-03 18:00:00,12.7,14.8,22.7
2026-10-03 19:00:00,16.5,18.3,28.4
2026-10-03 20:00:00,20.7,21.9,32.1
2026-10-03 21:00:00,22.3,23.1,32.1
2026-10-03 22:00:00,23.6,24.1,30.0
2026-10-03 23:00:00,24.1,24.4,27.1
2026-10-04 00:00:00,22.2,22.4,23.4
2026-10-04 01:00:00,20.1,20.2,18.9
2026-10-04 02:00:00,18.3,18.4,15.4
2026-10-04 03:00:00,16.5,16.6,13.8
2026-10-04 04:00:00,15.0,15.1,13.3
2026-10-04 05:00:00,8.4,8.4,12.3
2026-10-04 06:00:00,10.7,10.7,13.1
2026-10-04 07:00:00,15.5,15.6,14.1
2026-10-04 08:00:00,20.8,20.8,14.9
2026-10-04 09:00:00,10.1,10.6,15.3
2026-10-04 10:00:00,9.7,11.1,15.4
2026-10-04 11:00:00,9.3,12.1,14.8
2026-10-04 12:00:00,8.7,13.0,12.8
2026-10-04 13:00:00,8.6,14.6,10.1
2026-10-04 14:00:00,8.9,16.4,8.9
2026-10-04 15:00:00,9.3,18.0,10.8
2026-10-04 16:00:00,10.0,18.6,14.3
2026-10-04 17:00:00,12.4,19.6,17.4
2026-10-04 18:00:00,17.8,24.8,16.7
2026-10-04 19:00:00,16.9,23.9,15.8
2026-10-04 20:00:00,15.8,26.0,15.4
2026-10-04 21:00:00,18.0,27.9,16.2
2026-10-04 22:00:00,19.7,29.1,17.6
2026-10-04 23:00:00,20.3,29.3,18.4
2026-10-05 00:00:00,18.3,30.5,18.3
2026-10-05 01:00:00,14.6,24.1,17.6
2026-10-05 02:00:00,10.3,17.9,16.4
2026-10-05 03:00:00,8.3,12.7,14.3
2026-10-05 04:00:00,5.0,7.4,11.8
2026-10-05 05:00:00,3.0,4.1,10.2
2026-10-05 06:00:00,3.1,3.9,11.1
2026-10-05 07:00:00,3.6,4.0,12.4
2026-10-05 08:00:00,3.8,4.3,13.4
2026-10-05 09:00:00,4.6,5.2,13.6
2026-10-05 10:00:00,4.1,4.4,13.4
2026-10-05 11:00:00,4.1,4.4,13.7
2026-10-05 12:00:00,4.5,4.7,14.6
2026-10-05 13:00:00,4.0,4.2,16.0
2026-10-05 14:00:00,4.5,4.8,18.3
2026-10-05 15:00:00,5.7,6.0,22.2
2026-10-05 16:00:00,6.8,7.1,26.9
2026-10-05 17:00:00,16.2,20.2,30.2
2026-10-05 18:00:00,17.1,19.4,33.0
2026-10-05 19:00:00,15.3,17.0,36.8
2026-10-05 20:00:00,16.1,17.4,38.9
2026-10-05 21:00:00,16.5,17.6,38.0
2026-10-05 22:00:00,15.3,16.8,35.4
2026-10-05 23:00:00,13.8,15.1,32.4
2026-10-06 00:00:00,12.2,14.1,29.1
2026-10-06 01:00:00,11.7,13.4,25.4
2026-10-06 02:00:00,10.9,12.6,22.5
2026-10-06 03:00:00,10.2,11.8,21.3
2026-10-06 04:00:00,9.4,10.8,20.9
2026-10-06 05:00:00,7.7,8.8,21.1
2026-10-06 06:00:00,9.9,11.0,19.9
2026-10-06 07:00:00,9.6,10.9,18.3
2026-10-06 08:00:00,9.0,10.8,16.4
2026-10-06 09:00:00,6.9,8.8,14.1
2026-10-06 10:00:00,6.5,8.1,11.5
2026-10-06 11:00:00,6.9,8.4,9.9
2026-10-06 12:00:00,7.2,8.6,9.6
2026-10-06 13:00:00,7.6,8.9,10.2
2026-10-06 14:00:00,7.9,9.2,11.8
2026-10-06 15:00:00,8.7,9.9,14.6
2026-10-06 16:00:00,8.1,9.1,18.3
2026-10-06 17:00:00,8.7,9.7,21.9
2026-10-06 18:00:00,11.8,12.7,25.6
2026-10-06 19:00:00,15.8,16.6,29.2
2026-10-06 20:00:00,17.6,18.5,31.5
2026-10-06 21:00:00,18.2,19.0,31.9
2026-10-06 22:00:00,18.9,19.8,31.0
2026-10-06 23:00:00,18.9,19.9,29.5
2026-10-07 00:00:00,19.3,20.4,27.1
2026-10-07 01:00:00,17.2,18.5,24.1
2026-10-07 02:00:00,16.6,18.0,21.7
2026-10-07 03:00:00,15.0,16.5,20.5
2026-10-07 04:00:00,13.4,15.3,19.8
2026-10-07 05:00:00,12.1,14.5,19.1
2026-10-07 06:00:00,12.5,15.7,18.1
2026-10-07 07:00:00,14.2,18.0,17.1
2026-10-07 08:00:00,14.2,18.2,16.1
2026-10-07 09:00:00,11.6,16.2,15.0
2026-10-07 10:00:00,10.7,15.4,14.0
2026-10-07 11:00:00,10.8,15.5,13.4
2026-10-07 12:00:00,11.0,15.8,13.3
2026-10-07 13:00:00,11.6,16.5,13.6
2026-10-07 14:00:00,11.1,15.6,15.1
2026-10-07 15:00:00,11.5,15.8,18.3
2026-10-07 16:00:00,12.1,16.4,22.6
2026-10-07 17:00:00,13.9,18.0,26.6
2026-10-07 18:00:00,17.8,21.5,30.5
2026-10-07 19:00:00,21.5,25.0,34.0
2026-10-07 20:00:00,27.1,29.9,35.5
2026-10-07 21:00:00,26.5,29.0,33.5
2026-10-07 22:00:00,22.6,25.0,29.3
2026-10-07 23:00:00,20.5,22.8,25.3
2026-10-08 00:00:00,17.1,19.2,22.1
2026-10-08 01:00:00,15.0,16.7,19.0
2026-10-08 02:00:00,12.6,13.7,16.6
2026-10-08 03:00:00,11.7,12.0,15.0
2026-10-08 04:00:00,10.8,10.8,13.9
2026-10-08 05:00:00,10.7,10.8,13.6
2026-10-08 06:00:00,12.0,12.2,14.2
2026-10-08 07:00:00,14.9,15.3,15.5
2026-10-08 08:00:00,16.8,17.3,16.6
2026-10-08 09:00:00,15.3,15.6,17.3
2026-10-08 10:00:00,14.8,15.3,17.8
2026-10-08 11:00:00,15.5,16.4,18.4
2026-10-08 12:00:00,16.6,17.8,18.7
2026-10-08 13:00:00,17.0,18.3,19.0
2026-10-08 14:00:00,17.3,18.8,20.9
2026-10-08 15:00:00,17.9,19.4,25.6
2026-10-08 16:00:00,19.1,20.7,31.8
2026-10-08 17:00:00,24.4,25.8,37.0
2026-10-08 18:00:00,31.4,32.8,40.9
2026-10-08 19:00:00,35.0,35.9,43.8
2026-10-08 20:00:00,33.8,34.1,44.3
2026-10-08 21:00:00,30.6,31.0,40.9
2026-10-08 22:00:00,27.4,27.6,35.0
2026-10-08 23:00:00,24.4,24.7,29.4
