time,temperature_2m,relative_humidity_2m,wind_speed_10m,surface_pressure,precipitation,boundary_layer_height
2026-09-28 00:00:00,6.0,79.0,13.1,987.6,0.0,240.0
2026-09-28 01:00:00,5.7,80.0,13.0,987.3,0.0,205.0
2026-09-28 02:00:00,5.3,82.0,12.4,987.3,0.0,175.0
2026-09-28 03:00:00,5.0,84.0,12.8,987.2,0.0,175.0
2026-09-28 04:00:00,4.7,85.0,12.7,987.6,0.0,170.0
2026-09-28 05:00:00,3.7,86.0,12.1,987.7,0.0,140.0
2026-09-28 06:00:00,3.4,88.0,12.5,988.0,0.0,150.0
2026-09-28 07:00:00,3.7,89.0,13.2,988.6,0.0,175.0
2026-09-28 08:00:00,5.3,83.0,11.7,988.9,0.0,210.0
2026-09-28 09:00:00,7.7,74.0,13.1,989.0,0.0,290.0
2026-09-28 10:00:00,10.1,61.0,15.7,989.2,0.0,650.0
2026-09-28 11:00:00,12.3,49.0,17.6,989.0,0.0,975.0
2026-09-28 12:00:00,13.4,43.0,19.2,988.7,0.0,1120.0
2026-09-28 13:00:00,14.1,39.0,20.4,988.3,0.0,1185.0
2026-09-28 14:00:00,14.3,39.0,21.0,987.9,0.0,1165.0
2026-09-28 15:00:00,14.3,39.0,20.9,987.8,0.0,1130.0
2026-09-28 16:00:00,13.9,41.0,21.3,987.9,0.0,1095.0
2026-09-28 17:00:00,13.3,44.0,19.8,987.7,0.0,980.0
2026-09-28 18:00:00,11.7,47.0,20.3,987.8,0.0,750.0
2026-09-28 19:00:00,10.7,48.0,22.2,988.1,0.0,685.0
2026-09-28 20:00:00,9.9,48.0,22.7,988.2,0.0,650.0
2026-09-28 21:00:00,9.0,49.0,21.6,988.2,0.0,600.0
2026-09-28 22:00:00,8.3,50.0,20.3,988.3,0.0,530.0
2026-09-28 23:00:00,6.7,54.0,18.3,988.7,0.0,455.0
2026-09-29 00:00:00,6.2,57.0,15.6,988.9,0.0,385.0
2026-09-29 01:00:00,5.5,60.0,14.5,988.9,0.0,310.0
2026-09-29 02:00:00,5.0,63.0,14.1,988.8,0.0,265.0
2026-09-29 03:00:00,4.6,65.0,14.1,988.5,0.0,235.0
2026-09-29 04:00:00,4.2,66.0,14.0,988.8,0.0,225.0
2026-09-29 05:00:00,3.3,68.0,14.5,989.0,0.0,205.0
2026-09-29 06:00:00,2.9,69.0,14.5,989.1,0.0,210.0
2026-09-29 07:00:00,3.2,68.0,14.8,989.5,0.0,240.0
2026-09-29 08:00:00,4.8,66.0,12.9,989.8,0.0,340.0
2026-09-29 09:00:00,6.9,57.0,14.2,989.7,0.0,495.0
2026-09-29 10:00:00,9.2,48.0,15.9,989.5,0.0,630.0
2026-09-29 11:00:00,12.1,40.0,18.6,989.2,0.0,780.0
2026-09-29 12:00:00,13.6,33.0,22.2,988.6,0.0,920.0
2026-09-29 13:00:00,14.4,29.0,23.8,987.9,0.0,975.0
2026-09-29 14:00:00,15.0,27.0,24.6,987.1,0.0,1055.0
2026-09-29 15:00:00,15.0,27.0,25.1,986.8,0.0,1075.0
2026-09-29 16:00:00,14.5,31.0,24.5,986.6,0.0,1055.0
2026-09-29 17:00:00,13.9,33.0,22.6,986.4,0.0,1005.0
2026-09-29 18:00:00,12.6,45.0,23.2,986.4,0.0,850.0
2026-09-29 19:00:00,12.1,57.0,24.6,986.3,0.0,800.0
2026-09-29 20:00:00,11.7,62.0,25.4,986.2,0.0,755.0
2026-09-29 21:00:00,11.5,64.0,25.6,985.9,0.0,730.0
2026-09-29 22:00:00,11.4,65.0,25.1,985.6,0.0,700.0
2026-09-29 23:00:00,10.7,67.0,24.7,985.4,0.0,665.0
2026-09-30 00:00:00,10.5,69.0,22.9,985.1,0.0,615.0
2026-09-30 01:00:00,10.1,72.0,21.7,984.8,0.0,540.0
2026-09-30 02:00:00,9.7,75.0,20.6,984.6,0.0,455.0
2026-09-30 03:00:00,9.3,77.0,19.1,984.2,0.0,385.0
2026-09-30 04:00:00,8.8,80.0,18.6,984.2,0.0,335.0
2026-09-30 05:00:00,8.0,84.0,18.0,983.9,0.0,275.0
2026-09-30 06:00:00,7.8,86.0,17.3,983.6,0.0,255.0
2026-09-30 07:00:00,8.2,85.0,16.8,983.8,0.0,260.0
2026-09-30 08:00:00,9.8,79.0,14.5,983.9,0.0,305.0
2026-09-30 09:00:00,11.8,72.0,14.5,983.9,0.0,425.0
2026-09-30 10:00:00,13.9,65.0,16.9,983.7,0.0,660.0
2026-09-30 11:00:00,16.6,56.0,18.0,983.1,0.0,835.0
2026-09-30 12:00:00,18.1,48.0,21.5,982.6,0.0,1010.0
2026-09-30 13:00:00,19.1,44.0,23.2,981.7,0.0,1175.0
2026-09-30 14:00:00,19.4,42.0,24.3,981.1,0.0,1255.0
2026-09-30 15:00:00,19.2,43.0,25.2,980.6,0.0,1265.0
2026-09-30 16:00:00,18.6,46.0,25.2,980.3,0.0,1225.0
2026-09-30 17:00:00,17.9,49.0,22.7,979.7,0.0,1160.0
2026-09-30 18:00:00,16.4,54.0,21.6,979.5,0.0,945.0
2026-09-30 19:00:00,15.3,57.0,20.8,979.6,0.0,775.0
2026-09-30 20:00:00,14.4,60.0,20.6,979.5,0.0,645.0
2026-09-30 21:00:00,13.7,64.0,21.0,979.1,0.0,580.0
2026-09-30 22:00:00,13.1,65.0,21.1,978.8,0.0,550.0
2026-09-30 23:00:00,11.8,69.0,20.3,978.3,0.0,450.0
2026-10-01 00:00:00,11.4,70.0,19.2,977.9,0.0,425.0
2026-10-01 01:00:00,11.0,70.0,18.4,977.7,0.0,420.0
2026-10-01 02:00:00,10.7,70.0,18.5,977.6,0.0,420.0
2026-10-01 03:00:00,10.4,70.0,18.6,977.1,0.0,405.0
2026-10-01 04:00:00,10.1,71.0,19.1,976.8,0.0,385.0
2026-10-01 05:00:00,9.2,75.0,18.7,976.2,0.0,355.0
2026-10-01 06:00:00,9.1,76.0,18.1,976.0,0.0,365.0
2026-10-01 07:00:00,9.5,75.0,18.8,975.9,0.0,400.0
2026-10-01 08:00:00,10.7,70.0,17.0,975.6,0.0,500.0
2026-10-01 09:00:00,11.8,67.0,17.3,975.1,0.0,595.0
2026-10-01 10:00:00,13.3,56.0,20.2,974.9,0.0,670.0
2026-10-01 11:00:00,13.9,51.0,21.0,974.3,0.0,705.0
2026-10-01 12:00:00,14.9,45.0,20.9,974.0,0.0,770.0
2026-10-01 13:00:00,15.2,42.0,20.7,973.4,0.0,810.0
2026-10-01 14:00:00,15.6,40.0,20.4,973.0,0.0,870.0
2026-10-01 15:00:00,15.4,42.0,16.2,973.0,0.0,930.0
2026-10-01 16:00:00,14.5,45.0,12.6,972.6,0.0,595.0
2026-10-01 17:00:00,14.3,44.0,7.9,972.3,0.1,235.0
2026-10-01 18:00:00,13.1,52.0,9.2,972.0,0.2,185.0
2026-10-01 19:00:00,12.0,64.0,6.7,971.8,0.2,80.0
2026-10-01 20:00:00,11.4,71.0,6.9,971.3,0.0,55.0
2026-10-01 21:00:00,11.4,68.0,9.4,970.6,0.0,125.0
2026-10-01 22:00:00,10.6,66.0,7.5,970.3,0.0,105.0
2026-10-01 23:00:00,8.4,89.0,6.3,970.2,0.0,55.0
2026-10-02 00:00:00,8.1,92.0,7.8,969.9,0.0,75.0
2026-10-02 01:00:00,7.6,92.0,6.9,969.4,0.0,85.0
2026-10-02 02:00:00,7.0,94.0,8.1,969.3,0.0,105.0
2026-10-02 03:00:00,6.5,95.0,8.3,969.3,0.0,110.0
2026-10-02 04:00:00,6.3,95.0,9.4,969.5,0.0,125.0
2026-10-02 05:00:00,5.3,98.0,8.7,969.4,0.0,115.0
2026-10-02 06:00:00,5.2,98.0,8.3,969.4,0.0,125.0
2026-10-02 07:00:00,5.4,98.0,9.7,969.4,0.0,130.0
2026-10-02 08:00:00,7.0,93.0,8.7,969.8,0.0,200.0
2026-10-02 09:00:00,9.3,81.0,11.1,970.4,0.0,330.0
2026-10-02 10:00:00,11.9,64.0,14.1,970.5,0.0,530.0
2026-10-02 11:00:00,14.1,57.0,13.2,970.3,0.0,940.0
2026-10-02 12:00:00,16.0,48.0,17.5,970.3,0.0,1140.0
2026-10-02 13:00:00,16.7,47.0,20.6,970.3,0.0,1645.0
2026-10-02 14:00:00,16.7,45.0,22.8,970.8,0.0,1620.0
2026-10-02 15:00:00,16.6,45.0,23.4,971.6,0.0,1805.0
2026-10-02 16:00:00,15.9,47.0,21.6,972.5,0.0,1770.0
2026-10-02 17:00:00,15.7,44.0,15.5,973.0,0.0,1570.0
2026-10-02 18:00:00,13.6,52.0,6.5,973.4,0.0,125.0
2026-10-02 19:00:00,12.8,60.0,0.7,973.5,0.0,15.0
2026-10-02 20:00:00,12.0,59.0,5.0,973.4,0.0,35.0
2026-10-02 21:00:00,10.7,68.0,9.2,973.3,0.0,55.0
2026-10-02 22:00:00,10.5,70.0,12.5,973.3,0.0,90.0
2026-10-02 23:00:00,9.5,73.0,12.7,973.5,0.0,115.0
2026-10-03 00:00:00,9.7,70.0,13.7,973.3,0.0,160.0
2026-10-03 01:00:00,10.2,66.0,14.9,973.3,0.0,160.0
2026-10-03 02:00:00,10.1,65.0,16.0,973.2,0.0,170.0
2026-10-03 03:00:00,10.5,61.0,17.5,973.0,0.0,295.0
2026-10-03 04:00:00,11.3,53.0,17.3,973.3,0.0,370.0
2026-10-03 05:00:00,11.3,47.0,16.5,973.1,0.0,370.0
2026-10-03 06:00:00,11.8,44.0,16.5,973.2,0.0,400.0
2026-10-03 07:00:00,12.1,42.0,19.6,973.6,0.0,535.0
2026-10-03 08:00:00,13.1,39.0,21.4,974.5,0.0,740.0
2026-10-03 09:00:00,12.8,47.0,17.4,975.2,0.0,570.0
2026-10-03 10:00:00,13.6,47.0,15.6,975.1,0.0,735.0
2026-10-03 11:00:00,14.7,48.0,18.5,975.9,0.0,1225.0
2026-10-03 12:00:00,14.9,46.0,14.9,976.0,0.0,1115.0
2026-10-03 13:00:00,16.7,35.0,15.9,975.7,0.0,1715.0
2026-10-03 14:00:00,16.2,37.0,19.2,975.7,0.0,1870.0
2026-10-03 15:00:00,15.8,41.0,17.6,975.3,0.0,1730.0
2026-10-03 16:00:00,15.7,44.0,7.4,974.3,0.0,1010.0
2026-10-03 17:00:00,15.7,41.0,7.3,974.2,0.0,315.0
2026-10-03 18:00:00,14.7,42.0,11.8,973.7,0.0,650.0
2026-10-03 19:00:00,13.1,56.0,10.3,973.3,0.2,265.0
2026-10-03 20:00:00,12.3,70.0,3.4,972.9,0.4,75.0
2026-10-03 21:00:00,11.3,80.0,13.6,971.5,0.2,190.0
2026-10-03 22:00:00,11.0,81.0,15.1,970.2,0.3,255.0
2026-10-03 23:00:00,11.3,76.0,22.5,968.8,1.1,400.0
2026-10-04 00:00:00,12.2,73.0,23.9,967.7,0.2,655.0
2026-10-04 01:00:00,11.9,86.0,26.0,966.6,1.0,780.0
2026-10-04 02:00:00,11.7,91.0,27.4,965.4,1.0,760.0
2026-10-04 03:00:00,12.1,90.0,25.2,964.9,0.1,810.0
2026-10-04 04:00:00,12.6,88.0,24.8,964.8,0.1,820.0
2026-10-04 05:00:00,12.9,95.0,23.0,964.3,0.2,790.0
2026-10-04 06:00:00,12.9,94.0,23.4,964.3,0.1,830.0
2026-10-04 07:00:00,11.4,89.0,25.5,965.1,0.0,735.0
2026-10-04 08:00:00,10.5,85.0,24.9,965.7,0.0,790.0
2026-10-04 09:00:00,10.1,78.0,21.4,966.5,0.0,825.0
2026-10-04 10:00:00,11.1,68.0,19.1,966.8,0.0,1005.0
2026-10-04 11:00:00,10.9,63.0,24.4,967.9,0.0,1225.0
2026-10-04 12:00:00,11.2,58.0,22.0,968.6,0.0,1405.0
2026-10-04 13:00:00,10.8,57.0,21.9,968.8,0.0,1550.0
2026-10-04 14:00:00,10.2,59.0,19.6,969.0,0.0,1345.0
2026-10-04 15:00:00,9.8,60.0,16.8,968.7,0.0,1260.0
2026-10-04 16:00:00,9.8,60.0,18.8,968.5,0.0,1380.0
2026-10-04 17:00:00,9.3,56.0,14.3,968.7,0.0,1175.0
2026-10-04 18:00:00,8.9,61.0,15.2,968.9,0.0,900.0
2026-10-04 19:00:00,7.6,71.0,17.0,969.2,0.0,900.0
2026-10-04 20:00:00,6.2,82.0,18.0,969.6,0.1,665.0
2026-10-04 21:00:00,5.9,79.0,18.0,970.0,0.0,695.0
2026-10-04 22:00:00,5.8,73.0,19.5,970.4,0.0,945.0
2026-10-04 23:00:00,4.1,81.0,18.8,970.8,0.0,745.0
2026-10-05 00:00:00,3.6,84.0,17.6,970.7,0.0,675.0
2026-10-05 01:00:00,3.4,81.0,18.1,970.6,0.0,715.0
2026-10-05 02:00:00,3.4,73.0,18.6,970.0,0.0,700.0
2026-10-05 03:00:00,3.5,63.0,22.6,969.3,0.0,850.0
2026-10-05 04:00:00,3.4,59.0,26.2,969.3,0.0,1205.0
2026-10-05 05:00:00,2.8,68.0,29.4,968.9,0.2,1245.0
2026-10-05 06:00:00,3.2,72.0,30.7,968.4,0.2,1375.0
2026-10-05 07:00:00,2.8,81.0,33.5,969.0,0.4,1285.0
2026-10-05 08:00:00,2.5,77.0,31.1,969.8,0.3,1375.0
2026-10-05 09:00:00,3.2,66.0,35.5,970.4,0.1,1430.0
2026-10-05 10:00:00,4.1,56.0,36.2,970.9,0.2,1435.0
2026-10-05 11:00:00,4.3,61.0,33.9,971.1,0.2,1545.0
2026-10-05 12:00:00,5.1,58.0,34.0,970.7,0.2,1645.0
2026-10-05 13:00:00,5.3,63.0,33.8,969.9,0.2,1375.0
2026-10-05 14:00:00,5.8,65.0,32.7,969.4,0.1,1495.0
2026-10-05 15:00:00,6.6,65.0,34.8,968.3,0.1,1445.0
2026-10-05 16:00:00,7.1,73.0,21.7,967.6,0.4,1860.0
2026-10-05 17:00:00,6.2,74.0,32.9,967.6,0.3,1590.0
2026-10-05 18:00:00,5.0,80.0,33.6,967.5,0.2,1435.0
2026-10-05 19:00:00,4.9,81.0,29.8,967.5,0.1,1410.0
2026-10-05 20:00:00,5.3,80.0,32.5,967.4,0.5,1560.0
2026-10-05 21:00:00,5.2,82.0,34.4,967.3,0.5,1570.0
2026-10-05 22:00:00,5.0,89.0,34.7,967.1,1.1,1520.0
2026-10-05 23:00:00,4.9,89.0,32.6,966.9,0.9,1380.0
2026-10-06 00:00:00,5.0,90.0,31.7,966.7,0.6,1405.0
2026-10-06 01:00:00,5.0,89.0,34.5,966.5,0.4,1365.0
2026-10-06 02:00:00,4.9,91.0,32.5,966.3,0.5,1250.0
2026-10-06 03:00:00,4.9,91.0,28.4,966.1,0.4,1295.0
2026-10-06 04:00:00,5.3,86.0,28.4,965.9,0.5,1320.0
2026-10-06 05:00:00,5.1,93.0,30.7,965.6,0.5,1315.0
2026-10-06 06:00:00,4.9,92.0,33.5,965.8,0.8,1220.0
2026-10-06 07:00:00,3.5,96.0,24.1,966.5,1.3,890.0
2026-10-06 08:00:00,2.0,98.0,22.0,967.2,1.0,765.0
2026-10-06 09:00:00,1.8,96.0,19.5,968.5,0.7,815.0
2026-10-06 10:00:00,2.7,83.0,25.0,969.3,0.2,1010.0
2026-10-06 11:00:00,5.2,55.0,29.8,970.0,0.0,1445.0
2026-10-06 12:00:00,5.7,50.0,31.2,970.5,0.0,1650.0
2026-10-06 13:00:00,5.8,50.0,30.1,970.9,0.0,1700.0
2026-10-06 14:00:00,5.8,49.0,29.2,971.4,0.0,1790.0
2026-10-06 15:00:00,5.4,51.0,27.4,971.9,0.0,1730.0
2026-10-06 16:00:00,5.2,50.0,25.0,972.4,0.0,1665.0
2026-10-06 17:00:00,4.9,53.0,20.5,973.1,0.0,1620.0
2026-10-06 18:00:00,4.5,56.0,16.9,973.8,0.0,1335.0
2026-10-06 19:00:00,3.8,60.0,13.7,974.3,0.0,875.0
2026-10-06 20:00:00,3.0,64.0,10.3,974.5,0.0,425.0
2026-10-06 21:00:00,2.4,69.0,10.4,974.7,0.0,210.0
2026-10-06 22:00:00,2.1,70.0,12.0,974.8,0.0,205.0
2026-10-06 23:00:00,2.4,68.0,12.4,975.1,0.0,270.0
2026-10-07 00:00:00,2.4,68.0,14.0,975.4,0.0,320.0
2026-10-07 01:00:00,2.0,68.0,14.8,975.6,0.0,295.0
2026-10-07 02:00:00,1.7,69.0,14.7,975.9,0.0,315.0
2026-10-07 03:00:00,1.8,69.0,15.5,976.1,0.0,350.0
2026-10-07 04:00:00,1.5,71.0,16.1,976.5,0.0,360.0
2026-10-07 05:00:00,1.6,72.0,16.4,976.9,0.0,365.0
2026-10-07 06:00:00,1.2,75.0,15.5,977.5,0.0,350.0
2026-10-07 07:00:00,2.1,72.0,14.2,978.1,0.0,390.0
2026-10-07 08:00:00,2.8,72.0,13.4,978.8,0.0,405.0
2026-10-07 09:00:00,4.4,68.0,15.6,979.3,0.0,515.0
2026-10-07 10:00:00,6.4,64.0,17.5,979.2,0.0,770.0
2026-10-07 11:00:00,8.2,55.0,19.0,979.1,0.0,885.0
2026-10-07 12:00:00,9.6,48.0,20.6,978.8,0.0,1095.0
2026-10-07 13:00:00,10.6,48.0,22.5,978.5,0.0,1145.0
2026-10-07 14:00:00,11.2,46.0,24.5,978.2,0.0,1220.0
2026-10-07 15:00:00,11.5,44.0,24.9,977.9,0.0,1290.0
2026-10-07 16:00:00,11.5,43.0,23.7,977.5,0.0,1385.0
2026-10-07 17:00:00,10.6,46.0,21.2,977.1,0.0,1375.0
2026-10-07 18:00:00,9.4,50.0,18.7,976.8,0.0,855.0
2026-10-07 19:00:00,8.9,51.0,20.0,976.8,0.0,935.0
2026-10-07 20:00:00,8.8,52.0,20.9,976.6,0.0,970.0
2026-10-07 21:00:00,8.6,54.0,22.4,976.1,0.0,855.0
2026-10-07 22:00:00,8.9,52.0,21.7,975.5,0.0,780.0
2026-10-07 23:00:00,8.6,51.0,23.2,974.9,0.0,825.0
2026-10-08 00:00:00,8.1,52.0,24.0,974.1,0.0,835.0
2026-10-08 01:00:00,8.3,53.0,26.0,973.1,0.0,915.0
2026-10-08 02:00:00,8.3,59.0,28.0,972.3,0.0,950.0
2026-10-08 03:00:00,6.9,83.0,29.3,971.1,0.7,870.0
2026-10-08 04:00:00,6.8,89.0,29.9,970.5,0.8,905.0
2026-10-08 05:00:00,7.0,91.0,32.4,969.3,0.9,955.0
2026-10-08 06:00:00,7.2,92.0,32.8,968.9,0.9,1080.0
2026-10-08 07:00:00,7.5,93.0,31.8,968.6,1.2,1110.0
2026-10-08 08:00:00,7.7,94.0,28.6,968.4,2.5,990.0
2026-10-08 09:00:00,8.0,94.0,27.8,968.3,1.6,860.0
2026-10-08 10:00:00,8.7,93.0,24.7,968.3,0.4,830.0
2026-10-08 11:00:00,10.1,88.0,23.3,968.4,0.1,905.0
2026-10-08 12:00:00,11.6,75.0,25.7,968.4,0.2,1105.0
2026-10-08 13:00:00,13.2,60.0,26.8,968.3,0.1,1440.0
2026-10-08 14:00:00,13.8,54.0,26.3,968.4,0.1,1610.0
2026-10-08 15:00:00,13.8,53.0,25.2,968.7,0.0,1555.0
2026-10-08 16:00:00,13.1,57.0,22.9,969.0,0.0,1290.0
2026-10-08 17:00:00,12.1,61.0,19.4,969.3,0.0,1150.0
2026-10-08 18:00:00,10.6,67.0,15.4,969.9,0.0,585.0
2026-10-08 19:00:00,9.4,73.0,13.5,970.4,0.0,320.0
2026-10-08 20:00:00,9.1,76.0,13.3,970.8,0.0,315.0
2026-10-08 21:00:00,8.4,79.0,14.1,971.0,0.1,345.0
2026-10-08 22:00:00,8.1,82.0,16.7,971.0,0.1,405.0
2026-10-08 23:00:00,7.8,85.0,16.1,971.0,0.0,365.0
2026-10-09 00:00:00,7.5,83.0,15.8,971.2,0.1,535.0
2026-10-09 01:00:00,6.9,87.0,12.3,971.3,0.1,380.0
2026-10-09 02:00:00,6.4,90.0,13.7,971.5,0.0,335.0
2026-10-09 03:00:00,6.2,90.0,14.5,971.6,0.0,325.0
2026-10-09 04:00:00,5.9,91.0,15.5,972.1,0.0,390.0
2026-10-09 05:00:00,5.9,89.0,16.2,972.6,0.0,430.0
2026-10-09 06:00:00,5.7,87.0,17.0,973.2,0.0,450.0
2026-10-09 07:00:00,5.7,85.0,17.6,973.8,0.0,525.0
2026-10-09 08:00:00,6.7,79.0,15.8,974.5,0.0,700.0
2026-10-09 09:00:00,7.8,72.0,20.1,975.2,0.0,885.0
2026-10-09 10:00:00,8.9,66.0,22.9,975.6,0.0,1120.0
2026-10-09 11:00:00,9.6,62.0,23.6,975.7,0.0,1365.0
2026-10-09 12:00:00,10.2,56.0,25.5,975.9,0.0,1600.0
2026-10-09 13:00:00,10.9,50.0,25.3,976.1,0.0,1760.0
2026-10-09 14:00:00,11.0,46.0,24.8,976.3,0.0,1840.0
2026-10-09 15:00:00,10.7,44.0,24.5,976.8,0.0,1815.0
2026-10-09 16:00:00,10.1,48.0,22.4,977.4,0.0,1705.0
2026-10-09 17:00:00,9.1,52.0,17.4,977.8,0.0,1570.0
2026-10-09 18:00:00,7.9,56.0,14.2,978.5,0.0,685.0
2026-10-09 19:00:00,6.9,61.0,13.5,979.3,0.0,555.0
2026-10-09 20:00:00,5.9,67.0,10.0,979.8,0.0,230.0
2026-10-09 21:00:00,5.3,70.0,10.2,980.2,0.0,185.0
2026-10-09 22:00:00,4.9,72.0,9.9,980.6,0.0,145.0
2026-10-09 23:00:00,4.9,72.0,9.5,980.8,0.0,125.0
